"","lon","lat","species"
"1",-116.729378,34.632295,"Larrea tridentata"
"2",-116.405814,33.669647,"Larrea tridentata"
"3",-112.80379,31.951753,"Larrea tridentata"
"4",-116.308511,33.773618,"Larrea tridentata"
"5",-110.686662,32.222137,"Larrea tridentata"
"6",-116.623095,34.642656,"Larrea tridentata"
"7",-106.545192,31.831785,"Larrea tridentata"
"8",-111.872966,33.389357,"Larrea tridentata"
"9",-110.710348,32.205099,"Larrea tridentata"
"10",-116.254342,33.509422,"Larrea tridentata"
"11",-103.177952,31.067921,"Larrea tridentata"
"13",-115.918389,33.677319,"Larrea tridentata"
"14",-106.91127,33.794772,"Larrea tridentata"
"15",-111.156138,32.258004,"Larrea tridentata"
"16",-111.971573,33.823699,"Larrea tridentata"
"17",-116.1168,33.068153,"Larrea tridentata"
"18",-115.799904,33.681616,"Larrea tridentata"
"19",-117.113008,36.607518,"Larrea tridentata"
"20",-115.7939,33.860733,"Larrea tridentata"
"21",-116.939936,36.600407,"Larrea tridentata"
"22",-116.826382,34.786175,"Larrea tridentata"
"23",-116.766452,36.134612,"Larrea tridentata"
"24",-116.803443,35.958046,"Larrea tridentata"
"25",-116.932541,36.532265,"Larrea tridentata"
"26",-115.777525,33.846254,"Larrea tridentata"
"28",-116.317087,33.503036,"Larrea tridentata"
"29",-111.736305,33.361569,"Larrea tridentata"
"30",-116.939865,36.748287,"Larrea tridentata"
"31",-116.135579,35.396369,"Larrea tridentata"
"32",-115.3091,33.83005,"Larrea tridentata"
"33",-115.840628,33.648292,"Larrea tridentata"
"36",-116.879489,36.832712,"Larrea tridentata"
"37",-116.786487,36.450146,"Larrea tridentata"
"38",-116.413203,33.24653,"Larrea tridentata"
"39",-114.845939,35.981652,"Larrea tridentata"
"40",-115.806517,33.734955,"Larrea tridentata"
"41",-114.803542,36.038749,"Larrea tridentata"
"42",-116.405123,33.669711,"Larrea tridentata"
"43",-117.619485,35.365957,"Larrea tridentata"
"44",-115.978781,33.947727,"Larrea tridentata"
"45",-114.805866,36.037963,"Larrea tridentata"
"46",-114.573567,35.194458,"Larrea tridentata"
"47",-116.103216,34.110952,"Larrea tridentata"
"48",-114.796842,36.008685,"Larrea tridentata"
"49",-117.281665,36.033175,"Larrea tridentata"
"50",-117.241259,36.452744,"Larrea tridentata"
"51",-117.066708,36.664563,"Larrea tridentata"
"52",-116.799238,34.915492,"Larrea tridentata"
"53",-114.802129,36.039868,"Larrea tridentata"
"54",-115.828857,33.76545,"Larrea tridentata"
"55",-115.904045,33.925415,"Larrea tridentata"
"56",-116.823645,36.437537,"Larrea tridentata"
"57",-115.695883,33.691385,"Larrea tridentata"
"58",-116.102783,32.9754,"Larrea tridentata"
"59",-116.872105,36.461041,"Larrea tridentata"
"61",-116.407858,33.670282,"Larrea tridentata"
"62",-114.733721,35.715429,"Larrea tridentata"
"63",-117.001906,36.58775,"Larrea tridentata"
"64",-115.020311,36.105393,"Larrea tridentata"
"65",-116.566871,33.907876,"Larrea tridentata"
"66",-117.327694,36.191373,"Larrea tridentata"
"67",-117.147417,36.6071,"Larrea tridentata"
"68",-116.060793,33.998846,"Larrea tridentata"
"69",-114.804102,36.04155,"Larrea tridentata"
"70",-116.555311,33.808225,"Larrea tridentata"
"71",-116.992832,36.590661,"Larrea tridentata"
"72",-117.176356,36.824848,"Larrea tridentata"
"73",-114.8044,36.038201,"Larrea tridentata"
"74",-117.571538,36.694147,"Larrea tridentata"
"75",-117.461937,34.72673,"Larrea tridentata"
"76",-115.818576,33.733461,"Larrea tridentata"
"77",-116.644093,34.787931,"Larrea tridentata"
"78",-111.82631,33.83211,"Larrea tridentata"
"79",-116.212006,33.381438,"Larrea tridentata"
"80",-116.289713,36.424841,"Larrea tridentata"
"81",-114.805055,36.037435,"Larrea tridentata"
"82",-117.115912,36.606809,"Larrea tridentata"
"83",-117.907356,35.732113,"Larrea tridentata"
"84",-117.973228,35.36627,"Larrea tridentata"
"85",-116.155547,34.094758,"Larrea tridentata"
"86",-116.954999,36.6552,"Larrea tridentata"
"87",-114.846025,35.981591,"Larrea tridentata"
"88",-116.87949,36.832725,"Larrea tridentata"
"89",-116.946652,36.632377,"Larrea tridentata"
"90",-116.944925,36.608658,"Larrea tridentata"
"92",-114.805259,36.036796,"Larrea tridentata"
"93",-111.810658,33.60062,"Larrea tridentata"
"94",-116.082801,35.297115,"Larrea tridentata"
"95",-114.798697,36.010832,"Larrea tridentata"
"96",-116.995361,36.589446,"Larrea tridentata"
"97",-118.117736,35.126356,"Larrea tridentata"
"98",-114.5718,35.164501,"Larrea tridentata"
"99",-116.65172,36.360938,"Larrea tridentata"
"100",-117.271414,36.416724,"Larrea tridentata"
"101",-114.572597,35.194432,"Larrea tridentata"
"102",-99.74355,28.547389,"Larrea tridentata"
"103",-116.783037,36.451527,"Larrea tridentata"
"104",-114.845372,35.981662,"Larrea tridentata"
"105",-110.992304,32.233116,"Larrea tridentata"
"106",-110.994866,32.234823,"Larrea tridentata"
"107",-106.491904,31.843827,"Larrea tridentata"
"108",-111.429205,32.648322,"Larrea tridentata"
"110",-110.706924,32.219274,"Larrea tridentata"
"111",-115.021739,36.105291,"Larrea tridentata"
"112",-116.978602,36.720104,"Larrea tridentata"
"113",-112.148631,32.835588,"Larrea tridentata"
"114",-110.736546,32.18006,"Larrea tridentata"
"115",-113.265567,32.849668,"Larrea tridentata"
"116",-102.850189,32.038462,"Larrea tridentata"
"118",-117.034057,34.877513,"Larrea tridentata"
"119",-104.844632,31.854013,"Larrea tridentata"
"120",-116.846584,34.809245,"Larrea tridentata"
"121",-111.84092,33.76904,"Larrea tridentata"
"123",-106.040731,31.926724,"Larrea tridentata"
"124",-116.315422,34.133831,"Larrea tridentata"
"125",-115.194005,35.163598,"Larrea tridentata"
"126",-110.772099,32.278815,"Larrea tridentata"
"127",-103.064423,32.085429,"Larrea tridentata"
"128",-111.8343,33.76938,"Larrea tridentata"
"129",-115.44458,36.117614,"Larrea tridentata"
"130",-116.314762,33.207942,"Larrea tridentata"
"131",-116.263306,34.080388,"Larrea tridentata"
"132",-116.680683,33.890847,"Larrea tridentata"
"134",-116.110446,34.117838,"Larrea tridentata"
"135",-106.991874,34.105665,"Larrea tridentata"
"137",-117.809065,34.45127,"Larrea tridentata"
"138",-115.808419,33.733495,"Larrea tridentata"
"140",-102.872171,29.538109,"Larrea tridentata"
"142",-99.42746,27.093325,"Larrea tridentata"
"143",-114.762061,36.016994,"Larrea tridentata"
"144",-114.762117,36.017114,"Larrea tridentata"
"146",-100.047622,28.311787,"Larrea tridentata"
"147",-99.428566,27.574178,"Larrea tridentata"
"148",-103.711281,30.96381,"Larrea tridentata"
"149",-103.371703,30.945756,"Larrea tridentata"
"150",-116.335067,33.786228,"Larrea tridentata"
"151",-103.299095,29.270875,"Larrea tridentata"
"152",-118.431991,34.86295,"Larrea tridentata"
"153",-103.866291,30.952623,"Larrea tridentata"
"154",-110.8175,32.315322,"Larrea tridentata"
"156",-115.823742,33.748845,"Larrea tridentata"
"157",-116.146667,34.03,"Larrea tridentata"
"159",-116.310998,33.839682,"Larrea tridentata"
"160",-117.35775,34.454133,"Larrea tridentata"
"161",-103.16584,29.230332,"Larrea tridentata"
"162",-103.091632,29.243953,"Larrea tridentata"
"164",-114.303067,34.485129,"Larrea tridentata"
"166",-111.6784,33.305893,"Larrea tridentata"
"167",-116.425278,34.383505,"Larrea tridentata"
"168",-117.577592,34.559853,"Larrea tridentata"
"169",-116.037412,34.128363,"Larrea tridentata"
"170",-106.509087,31.836912,"Larrea tridentata"
"171",-104.526426,31.31678,"Larrea tridentata"
"172",-114.755954,32.71839,"Larrea tridentata"
"174",-114.510713,32.954547,"Larrea tridentata"
"175",-106.874002,32.377156,"Larrea tridentata"
"176",-115.019473,36.107558,"Larrea tridentata"
"177",-115.690178,32.648675,"Larrea tridentata"
"178",-115.018182,36.10306,"Larrea tridentata"
"180",-115.018133,36.103085,"Larrea tridentata"
"181",-111.405905,32.645108,"Larrea tridentata"
"182",-116.430058,33.107637,"Larrea tridentata"
"183",-105.015841,30.777327,"Larrea tridentata"
"184",-111.405625,32.645187,"Larrea tridentata"
"185",-116.40684,33.247165,"Larrea tridentata"
"186",-111.406747,32.645283,"Larrea tridentata"
"187",-115.984626,32.74975,"Larrea tridentata"
"188",-106.490633,31.784326,"Larrea tridentata"
"189",-117.283173,36.399178,"Larrea tridentata"
"190",-118.095011,35.161581,"Larrea tridentata"
"191",-103.1414,29.4218,"Larrea tridentata"
"192",-103.33369,29.33534,"Larrea tridentata"
"193",-117.147174,36.608741,"Larrea tridentata"
"194",-106.280246,31.707884,"Larrea tridentata"
"195",-106.512868,31.931691,"Larrea tridentata"
"196",-103.173553,29.660186,"Larrea tridentata"
"197",-117.872168,35.235798,"Larrea tridentata"
"198",-117.115116,36.607295,"Larrea tridentata"
"199",-116.293848,33.258065,"Larrea tridentata"
"200",-103.60167,29.16165,"Larrea tridentata"
"201",-106.503783,31.77207,"Larrea tridentata"
"202",-102.960981,29.182627,"Larrea tridentata"
"203",-106.557889,31.830606,"Larrea tridentata"
"204",-116.443281,33.85191,"Larrea tridentata"
"205",-114.417332,36.177146,"Larrea tridentata"
"206",-116.378272,33.008939,"Larrea tridentata"
"207",-112.823453,31.937581,"Larrea tridentata"
"208",-103.15156,29.37676,"Larrea tridentata"
"209",-114.750715,35.710411,"Larrea tridentata"
"211",-106.501689,31.773808,"Larrea tridentata"
"212",-110.967601,32.250147,"Larrea tridentata"
"214",-117.164323,34.749518,"Larrea tridentata"
"215",-106.503305,31.772926,"Larrea tridentata"
"216",-103.126093,29.54125,"Larrea tridentata"
"217",-106.513061,31.929995,"Larrea tridentata"
"218",-104.83077,31.039856,"Larrea tridentata"
"219",-115.788686,35.399375,"Larrea tridentata"
"220",-115.88932,35.371478,"Larrea tridentata"
"222",-106.590162,31.768941,"Larrea tridentata"
"223",-116.136283,35.193861,"Larrea tridentata"
"224",-106.503256,31.772915,"Larrea tridentata"
"225",-116.26342,35.096915,"Larrea tridentata"
"226",-118.241095,35.040491,"Larrea tridentata"
"227",-106.492829,31.782067,"Larrea tridentata"
"228",-106.259121,31.76403,"Larrea tridentata"
"229",-117.221961,34.645823,"Larrea tridentata"
"230",-116.531358,35.009156,"Larrea tridentata"
"231",-116.91094,34.919615,"Larrea tridentata"
"232",-111.198024,32.25423,"Larrea tridentata"
"233",-106.507172,31.777987,"Larrea tridentata"
"235",-118.168393,34.90828,"Larrea tridentata"
"236",-115.772944,33.650412,"Larrea tridentata"
"237",-102.991432,29.183022,"Larrea tridentata"
"238",-110.736856,32.179238,"Larrea tridentata"
"239",-111.77557,33.83744,"Larrea tridentata"
"240",-112.050159,34.425874,"Larrea tridentata"
"241",-106.38818,31.7766,"Larrea tridentata"
"242",-115.272889,36.035746,"Larrea tridentata"
"243",-116.948456,34.667699,"Larrea tridentata"
"245",-117.034187,35.031697,"Larrea tridentata"
"247",-112.729047,32.070805,"Larrea tridentata"
"248",-111.473288,32.040292,"Larrea tridentata"
"249",-112.180517,32.834634,"Larrea tridentata"
"250",-116.643413,33.924945,"Larrea tridentata"
"251",-115.790102,35.399573,"Larrea tridentata"
"252",-115.269988,32.766967,"Larrea tridentata"
"253",-116.314042,33.775555,"Larrea tridentata"
"254",-115.69611,34.893549,"Larrea tridentata"
"255",-103.190697,31.493033,"Larrea tridentata"
"256",-106.038588,31.920385,"Larrea tridentata"
"257",-116.11362,34.118145,"Larrea tridentata"
"258",-116.504734,33.63663,"Larrea tridentata"
"260",-116.374375,33.006539,"Larrea tridentata"
"261",-110.966603,32.131638,"Larrea tridentata"
"262",-112.066811,33.597333,"Larrea tridentata"
"263",-116.152031,33.983154,"Larrea tridentata"
"264",-106.763654,32.31994,"Larrea tridentata"
"265",-116.395509,33.600252,"Larrea tridentata"
"267",-116.566899,34.047086,"Larrea tridentata"
"268",-116.112109,34.119532,"Larrea tridentata"
"269",-116.108515,34.117205,"Larrea tridentata"
"270",-111.995659,33.544256,"Larrea tridentata"
"271",-106.506713,31.778663,"Larrea tridentata"
"272",-117.135343,34.482558,"Larrea tridentata"
"273",-116.038713,33.97867,"Larrea tridentata"
"274",-114.190787,35.981818,"Larrea tridentata"
"275",-106.468043,31.821218,"Larrea tridentata"
"276",-116.039917,34.128272,"Larrea tridentata"
"277",-116.09152,33.985236,"Larrea tridentata"
"278",-114.702418,33.313519,"Larrea tridentata"
"279",-116.399878,33.666815,"Larrea tridentata"
"280",-102.90286,29.122534,"Larrea tridentata"
"281",-116.688923,34.828604,"Larrea tridentata"
"282",-116.838024,34.906778,"Larrea tridentata"
"283",-116.329034,33.60588,"Larrea tridentata"
"284",-116.266984,33.546161,"Larrea tridentata"
"285",-115.918116,33.508839,"Larrea tridentata"
"286",-116.759227,36.908557,"Larrea tridentata"
"287",-116.553642,33.762663,"Larrea tridentata"
"288",-104.374804,32.711413,"Larrea tridentata"
"290",-115.270371,32.766316,"Larrea tridentata"
"292",-116.431394,33.110336,"Larrea tridentata"
"293",-116.408654,33.263077,"Larrea tridentata"
"295",-116.70208,34.82832,"Larrea tridentata"
"297",-116.631331,34.016135,"Larrea tridentata"
"299",-115.427167,36.135167,"Larrea tridentata"
"300",-114.677511,35.241138,"Larrea tridentata"
"301",-114.567235,35.198497,"Larrea tridentata"
"302",-106.493675,31.786747,"Larrea tridentata"
"305",-116.80547,34.8207199991152,"Larrea tridentata"
"306",-114.359978,35.22924,"Larrea tridentata"
"308",-116.45456,35.103999999112,"Larrea tridentata"
"309",-112.023125,33.542904,"Larrea tridentata"
"310",-116.091287,32.785322,"Larrea tridentata"
"311",-116.962979,36.694606,"Larrea tridentata"
"312",-111.496174,32.039294,"Larrea tridentata"
"313",-105.920787,32.921167,"Larrea tridentata"
"314",-116.8329,34.7725999991157,"Larrea tridentata"
"315",-115.871805,35.200222,"Larrea tridentata"
"317",-117.7169,34.114,"Larrea tridentata"
"319",-114.612315,32.697269,"Larrea tridentata"
"320",-116.64167,33.95083,"Larrea tridentata"
"321",-116.079437,34.090426,"Larrea tridentata"
"322",-113.265889,32.848734,"Larrea tridentata"
"323",-106.972919,34.08794,"Larrea tridentata"
"325",-117.164081,36.594569,"Larrea tridentata"
"326",-111.948451,33.513546,"Larrea tridentata"
"327",-117.079408,36.505389,"Larrea tridentata"
"329",-106.882428,34.351546,"Larrea tridentata"
"330",-116.104546,35.145501,"Larrea tridentata"
"331",-116.501678,33.961124,"Larrea tridentata"
"333",-115.42215,36.15667,"Larrea tridentata"
"336",-117.670454,35.562656,"Larrea tridentata"
"338",-115.384895,35.633822,"Larrea tridentata"
"339",-115.313586,35.801093,"Larrea tridentata"
"340",-104.879402,31.832548,"Larrea tridentata"
"341",-115.322359,35.789152,"Larrea tridentata"
"343",-115.302836,35.81764,"Larrea tridentata"
"345",-116.309378,33.837605,"Larrea tridentata"
"346",-106.491165,31.84417,"Larrea tridentata"
"347",-115.0183,36.102761,"Larrea tridentata"
"348",-115.449545,36.161454,"Larrea tridentata"
"349",-106.533136,31.896041,"Larrea tridentata"
"351",-115.42915,36.134623,"Larrea tridentata"
"352",-111.102418,32.194063,"Larrea tridentata"
"353",-106.042177,31.926094,"Larrea tridentata"
"354",-115.270228,32.766007,"Larrea tridentata"
"355",-111.130407,32.327826,"Larrea tridentata"
"356",-106.446794,31.848499,"Larrea tridentata"
"357",-106.546622,31.858699,"Larrea tridentata"
"358",-106.513653,31.898255,"Larrea tridentata"
"359",-103.171451,29.248133,"Larrea tridentata"
"360",-103.25963,29.316987,"Larrea tridentata"
"362",-115.113719,36.06277,"Larrea tridentata"
"363",-115.700748,35.434749,"Larrea tridentata"
"364",-110.982597,31.956423,"Larrea tridentata"
"365",-115.975,33.54556,"Larrea tridentata"
"366",-111.040192,31.949541,"Larrea tridentata"
"367",-116.406122,33.257811,"Larrea tridentata"
"368",-115.659444,34.5875,"Larrea tridentata"
"369",-115.795212,33.866425,"Larrea tridentata"
"370",-116.14568,32.6638999991423,"Larrea tridentata"
"371",-118.196323,34.66885,"Larrea tridentata"
"372",-115.8935,32.6742,"Larrea tridentata"
"373",-115.8575,33.1275,"Larrea tridentata"
"374",-114.729722,32.813056,"Larrea tridentata"
"375",-115.785599,33.866539,"Larrea tridentata"
"376",-114.40922,34.41775,"Larrea tridentata"
"377",-112.7335,32.0065,"Larrea tridentata"
"379",-116.314702,33.208962,"Larrea tridentata"
"380",-115.044722,33.5980559991299,"Larrea tridentata"
"382",-103.95983,29.471747,"Larrea tridentata"
"383",-115.466911,36.110767,"Larrea tridentata"
"384",-112.147815,32.835228,"Larrea tridentata"
"385",-115.246111,34.545833,"Larrea tridentata"
"386",-111.476555,33.455505,"Larrea tridentata"
"387",-114.541944,34.0844439991239,"Larrea tridentata"
"388",-106.978014,34.070294,"Larrea tridentata"
"389",-116.67959,34.2832399991215,"Larrea tridentata"
"391",-111.220093,32.292938,"Larrea tridentata"
"392",-112.501196,33.583363,"Larrea tridentata"
"393",-111.671219,33.85445,"Larrea tridentata"
"394",-116.5136,33.6667,"Larrea tridentata"
"395",-116.473577,33.099596,"Larrea tridentata"
"396",-116.387594,33.138647,"Larrea tridentata"
"397",-118.04609,35.57881,"Larrea tridentata"
"398",-117.766111,37.336667,"Larrea tridentata"
"399",-116.4147,33.6349,"Larrea tridentata"
"400",-116.4172,33.6358,"Larrea tridentata"
"404",-116.377916,33.136976,"Larrea tridentata"
"405",-115.270643,32.766589,"Larrea tridentata"
"406",-103.526,29.983,"Larrea tridentata"
"407",-116.52474,34.2753799991216,"Larrea tridentata"
"408",-116.499444,34.3394439991208,"Larrea tridentata"
"409",-116.48354,34.2792999991215,"Larrea tridentata"
"410",-116.6705,34.3257,"Larrea tridentata"
"411",-115.598487,35.056277,"Larrea tridentata"
"412",-115.12219,35.2981199991098,"Larrea tridentata"
"413",-116.68,34.325555999121,"Larrea tridentata"
"415",-115.124167,35.296944,"Larrea tridentata"
"417",-116.57746,34.2869599991214,"Larrea tridentata"
"419",-99.020411,27.331261,"Larrea tridentata"
"420",-115.473427,36.128618,"Larrea tridentata"
"422",-114.448738,32.824666,"Larrea tridentata"
"423",-111.155806,32.237488,"Larrea tridentata"
"424",-115.800556,32.7805559991407,"Larrea tridentata"
"425",-115.46927,36.166636,"Larrea tridentata"
"427",-116.106985,34.115784,"Larrea tridentata"
"428",-114.266221,34.441985,"Larrea tridentata"
"429",-115.901063,33.873399,"Larrea tridentata"
"430",-116.377079,33.140588,"Larrea tridentata"
"431",-115.233012,33.102566,"Larrea tridentata"
"432",-114.8425,34.938889,"Larrea tridentata"
"433",-115.98521,33.60696,"Larrea tridentata"
"434",-115.98522,33.60697,"Larrea tridentata"
"435",-116.42881,33.278191,"Larrea tridentata"
"436",-115.247222,33.913611,"Larrea tridentata"
"437",-115.893056,33.6305559991295,"Larrea tridentata"
"438",-116.219543,32.8638,"Larrea tridentata"
"439",-115.89292,33.63042,"Larrea tridentata"
"441",-115.386667,36.1819439991007,"Larrea tridentata"
"442",-115.719444,34.2513889991219,"Larrea tridentata"
"443",-115.65125,33.67385,"Larrea tridentata"
"445",-115.988278,32.807667,"Larrea tridentata"
"446",-115.45177,34.11923,"Larrea tridentata"
"447",-115.90167,35.63944,"Larrea tridentata"
"448",-115.67278,35.75083,"Larrea tridentata"
"449",-115.807571,33.72177,"Larrea tridentata"
"450",-115.019259,34.103134,"Larrea tridentata"
"451",-106.90945,34.062863,"Larrea tridentata"
"452",-114.862919,33.572151,"Larrea tridentata"
"453",-116.083333,35.3424999991094,"Larrea tridentata"
"454",-118.061467,36.809583,"Larrea tridentata"
"455",-116.25528,35.97194,"Larrea tridentata"
"456",-116.09083,35.89083,"Larrea tridentata"
"457",-115.6075,34.843611,"Larrea tridentata"
"458",-116.847778,34.8230559991152,"Larrea tridentata"
"460",-118.061389,36.809444,"Larrea tridentata"
"462",-116.533889,36.3116669990994,"Larrea tridentata"
"463",-115.681111,34.1091669991236,"Larrea tridentata"
"464",-117.022947,34.882701,"Larrea tridentata"
"465",-103.462598,31.418261,"Larrea tridentata"
"466",-115.65208,34.78188,"Larrea tridentata"
"467",-118.096389,36.815278,"Larrea tridentata"
"468",-117.386389,34.7302779991162,"Larrea tridentata"
"469",-111.9535,33.4535,"Larrea tridentata"
"470",-101.556614,29.804142,"Larrea tridentata"
"471",-114.8525,34.0186109991247,"Larrea tridentata"
"472",-115.17975,33.41322,"Larrea tridentata"
"473",-116.944646,36.214263,"Larrea tridentata"
"474",-116.60124,34.3335999991209,"Larrea tridentata"
"475",-116.5366,33.7381,"Larrea tridentata"
"476",-117.119987,36.607284,"Larrea tridentata"
"477",-116.726196,36.220554,"Larrea tridentata"
"478",-115.84873,33.1848,"Larrea tridentata"
"479",-114.55944,34.60056,"Larrea tridentata"
"480",-115.591667,34.560833,"Larrea tridentata"
"481",-115.63372,34.59022,"Larrea tridentata"
"482",-111.933039,33.419492,"Larrea tridentata"
"483",-114.559444,34.600556,"Larrea tridentata"
"484",-114.559417,34.600583,"Larrea tridentata"
"485",-115.967324,33.6948869991287,"Larrea tridentata"
"486",-116.1118,33.0191,"Larrea tridentata"
"488",-114.73995,34.88787,"Larrea tridentata"
"489",-116.642511,33.960048,"Larrea tridentata"
"491",-115.362222,33.788611,"Larrea tridentata"
"492",-111.934075,33.420228,"Larrea tridentata"
"494",-116.1731,32.9672,"Larrea tridentata"
"497",-116.15543,32.74746,"Larrea tridentata"
"498",-116.07131,33.9272049991258,"Larrea tridentata"
"499",-116.1683,32.7959,"Larrea tridentata"
"500",-116.30914,33.04962,"Larrea tridentata"
"501",-115.82806,35.9325,"Larrea tridentata"
"503",-115.693472,34.243611,"Larrea tridentata"
"504",-116.06723,35.88648,"Larrea tridentata"
"505",-116.067233,35.886483,"Larrea tridentata"
"507",-115.693611,34.243611,"Larrea tridentata"
"509",-115.69333,34.24361,"Larrea tridentata"
"511",-114.718745,36.712779,"Larrea tridentata"
"513",-116.31158,32.87717,"Larrea tridentata"
"514",-116.142294,34.0832989991239,"Larrea tridentata"
"518",-118.290842,34.921505,"Larrea tridentata"
"519",-116.147736,34.028515,"Larrea tridentata"
"525",-114.55645,34.49374,"Larrea tridentata"
"527",-115.804045,33.7083669991285,"Larrea tridentata"
"529",-116.4797,34.240199999122,"Larrea tridentata"
"530",-114.588056,32.751667,"Larrea tridentata"
"531",-114.58806,32.75167,"Larrea tridentata"
"532",-114.53389,32.79667,"Larrea tridentata"
"535",-116.15861,33.05833,"Larrea tridentata"
"536",-116.30644,33.86339,"Larrea tridentata"
"538",-116.16106,32.99463,"Larrea tridentata"
"539",-116.15497,32.90318,"Larrea tridentata"
"540",-114.156883,34.363367,"Larrea tridentata"
"541",-115.962778,32.796944,"Larrea tridentata"
"542",-103.199086,29.197201,"Larrea tridentata"
"543",-116.861937,36.455926,"Larrea tridentata"
"544",-116.16958,33.10924,"Larrea tridentata"
"545",-116.16419,32.82693,"Larrea tridentata"
"546",-116.32798,33.8185499991272,"Larrea tridentata"
"547",-114.79306,33.65611,"Larrea tridentata"
"548",-116.32797,33.81856,"Larrea tridentata"
"549",-116.30645,33.8633799991266,"Larrea tridentata"
"550",-115.96306,32.79694,"Larrea tridentata"
"551",-116.17361,33.15417,"Larrea tridentata"
"552",-115.21028,33.70611,"Larrea tridentata"
"553",-114.8,33.59167,"Larrea tridentata"
"554",-112.812487,31.941848,"Larrea tridentata"
"555",-116.16111,32.99461,"Larrea tridentata"
"556",-114.72806,33.61083,"Larrea tridentata"
"557",-115.48944,34.57667,"Larrea tridentata"
"558",-115.80141,32.7761299991408,"Larrea tridentata"
"560",-115.80142,32.77614,"Larrea tridentata"
"561",-115.72791,33.6281599991295,"Larrea tridentata"
"562",-114.411944,34.333889,"Larrea tridentata"
"563",-116.641111,33.942222,"Larrea tridentata"
"564",-115.40389,33.7213499991284,"Larrea tridentata"
"565",-115.352778,34.1025,"Larrea tridentata"
"566",-114.76861,34.8975,"Larrea tridentata"
"567",-115.82012,33.65187,"Larrea tridentata"
"568",-114.75425,33.64436,"Larrea tridentata"
"569",-114.8825,33.61594,"Larrea tridentata"
"570",-116.1265,33.1467,"Larrea tridentata"
"571",-115.35305,34.10275,"Larrea tridentata"
"572",-116.664,34.49747,"Larrea tridentata"
"573",-115.22389,33.70033,"Larrea tridentata"
"574",-114.41222,34.3339,"Larrea tridentata"
"575",-115.15433,33.0481799991371,"Larrea tridentata"
"577",-115.40389,33.72136,"Larrea tridentata"
"578",-114.75424,33.6443499991293,"Larrea tridentata"
"579",-115.83207,34.86062,"Larrea tridentata"
"580",-115.24746,33.908299999126,"Larrea tridentata"
"581",-115.72792,33.62817,"Larrea tridentata"
"582",-115.87331,32.78489,"Larrea tridentata"
"583",-114.768611,34.8975,"Larrea tridentata"
"584",-114.88251,33.6159399991297,"Larrea tridentata"
"585",-115.22388,33.7003399991286,"Larrea tridentata"
"586",-115.24747,33.90831,"Larrea tridentata"
"587",-116.75482,33.90477,"Larrea tridentata"
"588",-115.45828,35.56353,"Larrea tridentata"
"590",-115.783333,35.123056,"Larrea tridentata"
"592",-117.90514,35.5158699991075,"Larrea tridentata"
"593",-116.03658,34.12344,"Larrea tridentata"
"594",-117.90514,35.51586,"Larrea tridentata"
"595",-117.891650609546,35.8359215490706,"Larrea tridentata"
"596",-116.46469,34.27186,"Larrea tridentata"
"599",-116.46469,34.2718699991216,"Larrea tridentata"
"600",-115.87849,34.1089199991236,"Larrea tridentata"
"601",-115.64252,34.81617,"Larrea tridentata"
"602",-115.8785,34.10892,"Larrea tridentata"
"603",-116.69233,34.32992,"Larrea tridentata"
"604",-115.011041,32.952406,"Larrea tridentata"
"605",-116.69234,34.3299299991209,"Larrea tridentata"
"606",-117.58714,35.42964,"Larrea tridentata"
"607",-117.58715,35.4296299991084,"Larrea tridentata"
"608",-115.2618,35.43343,"Larrea tridentata"
"610",-114.83783,32.81667,"Larrea tridentata"
"611",-116.24558,32.86398,"Larrea tridentata"
"612",-115.925,34.59167,"Larrea tridentata"
"613",-116.06333,33.28889,"Larrea tridentata"
"614",-116.20472,33.13175,"Larrea tridentata"
"615",-115.929084,33.924793,"Larrea tridentata"
"616",-116.25167,34.81333,"Larrea tridentata"
"617",-116.03778,33.32833,"Larrea tridentata"
"618",-116.04278,33.28417,"Larrea tridentata"
"619",-116.0657,33.9909,"Larrea tridentata"
"620",-116.48952,33.09193,"Larrea tridentata"
"621",-116.29001,33.29473,"Larrea tridentata"
"622",-116.05361,33.33,"Larrea tridentata"
"623",-116.0225,33.28889,"Larrea tridentata"
"624",-116.00583,33.27083,"Larrea tridentata"
"625",-116.06333,33.27972,"Larrea tridentata"
"626",-116.406503,33.257579,"Larrea tridentata"
"627",-115.63408,34.55338,"Larrea tridentata"
"628",-116.03083,33.29694,"Larrea tridentata"
"629",-116.06833,33.28833,"Larrea tridentata"
"630",-116.06972,33.32889,"Larrea tridentata"
"631",-116.33854,33.17826,"Larrea tridentata"
"632",-116.13259,33.27501,"Larrea tridentata"
"633",-114.83194,34.41972,"Larrea tridentata"
"634",-118.013611,34.503889,"Larrea tridentata"
"635",-114.86662,34.00155,"Larrea tridentata"
"636",-116.3177,34.8388,"Larrea tridentata"
"637",-116.33268,34.81029,"Larrea tridentata"
"638",-118.01361,34.50389,"Larrea tridentata"
"639",-116.1246,33.23817,"Larrea tridentata"
"640",-116.24911,33.10778,"Larrea tridentata"
"641",-116.34687,33.18256,"Larrea tridentata"
"642",-116.42577,33.24852,"Larrea tridentata"
"643",-115.03475,34.07324,"Larrea tridentata"
"644",-117.96972,34.48083,"Larrea tridentata"
"645",-116.27984,33.31466,"Larrea tridentata"
"646",-116.33308,33.04689,"Larrea tridentata"
"647",-117.319833,34.450889,"Larrea tridentata"
"648",-117.969722,34.480833,"Larrea tridentata"
"649",-115.15887,37.38137,"Larrea tridentata"
"650",-107.43112,32.9740199991381,"Larrea tridentata"
"652",-116.07735,33.831016,"Larrea tridentata"
"653",-116.173,36.2651,"Larrea tridentata"
"657",-116.2695,33.2232,"Larrea tridentata"
"659",-116.42562,33.27115,"Larrea tridentata"
"660",-116.3788,33.1886,"Larrea tridentata"
"661",-116.15498,32.83535,"Larrea tridentata"
"662",-116.09911,33.25118,"Larrea tridentata"
"663",-116.245,33.15806,"Larrea tridentata"
"664",-116.834793,36.887722,"Larrea tridentata"
"666",-116.407222,34.8136109991153,"Larrea tridentata"
"667",-116.2458,34.7591,"Larrea tridentata"
"668",-116.2101,33.2402,"Larrea tridentata"
"669",-116.55,33.95417,"Larrea tridentata"
"670",-116.1798,32.8943,"Larrea tridentata"
"671",-116.26294,32.85952,"Larrea tridentata"
"672",-116.16516,33.27531,"Larrea tridentata"
"674",-116.60862,35.07616,"Larrea tridentata"
"675",-116.16417,32.82694,"Larrea tridentata"
"676",-116.62861,35.06771,"Larrea tridentata"
"679",-116.01861,33.31444,"Larrea tridentata"
"680",-116.06806,33.30556,"Larrea tridentata"
"681",-116.06556,33.31389,"Larrea tridentata"
"682",-116.3235,35.938583,"Larrea tridentata"
"683",-116.323611,35.9386109991031,"Larrea tridentata"
"684",-116.388,33.2846,"Larrea tridentata"
"685",-115.720544,34.239282,"Larrea tridentata"
"686",-116.650278,34.3927779991202,"Larrea tridentata"
"687",-116.32361,35.938614,"Larrea tridentata"
"688",-116.33034,35.98702,"Larrea tridentata"
"689",-116.25307,33.35608,"Larrea tridentata"
"690",-116.3235,35.93858,"Larrea tridentata"
"691",-116.01452,33.30207,"Larrea tridentata"
"692",-116.068,33.30561,"Larrea tridentata"
"694",-116.03639,33.31083,"Larrea tridentata"
"695",-116.06889,33.31333,"Larrea tridentata"
"696",-116.40333,33.29528,"Larrea tridentata"
"698",-116.015,33.30211,"Larrea tridentata"
"701",-119.420673973418,34.7299392783218,"Larrea tridentata"
"703",-117.993164,35.376174,"Larrea tridentata"
"704",-112.12,33.81,"Larrea tridentata"
"708",-115.653607,35.012488,"Larrea tridentata"
"709",-115.716895,34.889045,"Larrea tridentata"
"710",-116.37934,33.11182,"Larrea tridentata"
"711",-117.932395,35.152126,"Larrea tridentata"
"714",-116.12083,33.34889,"Larrea tridentata"
"715",-116.45171,33.38564,"Larrea tridentata"
"717",-115.708056,34.261111,"Larrea tridentata"
"719",-115.70805,34.261112,"Larrea tridentata"
"722",-116.10778,32.64833,"Larrea tridentata"
"723",-115.708056,34.2611109991217,"Larrea tridentata"
"724",-116.24444,33.16667,"Larrea tridentata"
"725",-115.70806,34.26111,"Larrea tridentata"
"726",-116.444823,34.071022999124,"Larrea tridentata"
"727",-116.212,33.38061,"Larrea tridentata"
"729",-109.154455,31.98177,"Larrea tridentata"
"733",-114.44555,35.65611,"Larrea tridentata"
"735",-115.860007,33.90002,"Larrea tridentata"
"736",-115.694649,33.9832089991251,"Larrea tridentata"
"737",-115.66722,34.56444,"Larrea tridentata"
"738",-115.746639,34.67675,"Larrea tridentata"
"740",-115.746666,34.676666,"Larrea tridentata"
"741",-115.746667,34.676667,"Larrea tridentata"
"743",-116.12656,32.80612,"Larrea tridentata"
"745",-116.4775,33.3583,"Larrea tridentata"
"746",-116.234,32.8605,"Larrea tridentata"
"748",-116.2667,32.9367,"Larrea tridentata"
"749",-116.3167,32.9356,"Larrea tridentata"
"750",-116.2042,33.1833,"Larrea tridentata"
"752",-116.4531,33.1489,"Larrea tridentata"
"753",-116.37926,32.97756,"Larrea tridentata"
"754",-116.47086,33.1521,"Larrea tridentata"
"756",-116.509167,34.2508329991219,"Larrea tridentata"
"757",-116.40741,33.13647,"Larrea tridentata"
"758",-116.3747,33.1372,"Larrea tridentata"
"760",-116.318918,33.9239809991258,"Larrea tridentata"
"761",-116.50917,34.25111,"Larrea tridentata"
"762",-116.4799,33.3673,"Larrea tridentata"
"763",-116.36056,32.92666,"Larrea tridentata"
"764",-116.36333,32.94954,"Larrea tridentata"
"765",-116.4022,33.1368,"Larrea tridentata"
"766",-116.4218,32.9804,"Larrea tridentata"
"767",-116.15139,32.625,"Larrea tridentata"
"769",-116.3338,33.1752,"Larrea tridentata"
"770",-116.3358,33.1692,"Larrea tridentata"
"771",-116.2946,33.2578,"Larrea tridentata"
"772",-116.35,33.2582,"Larrea tridentata"
"773",-116.3473,33.2582,"Larrea tridentata"
"774",-116.3652,33.2232,"Larrea tridentata"
"775",-116.3371,33.3009,"Larrea tridentata"
"776",-116.3475,33.2322,"Larrea tridentata"
"780",-116.4304,34.2062,"Larrea tridentata"
"782",-116.643973,33.902836,"Larrea tridentata"
"783",-116.35763,33.05206,"Larrea tridentata"
"784",-116.3043,33.3502,"Larrea tridentata"
"785",-115.702793,34.891528,"Larrea tridentata"
"786",-117.116289,36.606976,"Larrea tridentata"
"787",-116.1048,32.7906,"Larrea tridentata"
"788",-116.2473,33.171,"Larrea tridentata"
"789",-115.77278,33.50972,"Larrea tridentata"
"790",-116.1954,32.8721,"Larrea tridentata"
"791",-115.83889,33.52056,"Larrea tridentata"
"792",-115.88889,33.17556,"Larrea tridentata"
"794",-115.7275,33.4575,"Larrea tridentata"
"795",-116.2974,33.2942,"Larrea tridentata"
"796",-115.86825,33.51183,"Larrea tridentata"
"797",-115.50067,33.29539,"Larrea tridentata"
"798",-115.08057,33.912859999126,"Larrea tridentata"
"799",-115.21245,33.909879999126,"Larrea tridentata"
"800",-116.2181,32.9208,"Larrea tridentata"
"801",-116.247500495657,35.7035964424054,"Larrea tridentata"
"802",-116.1903,32.8484,"Larrea tridentata"
"803",-115.28083,34.06306,"Larrea tridentata"
"805",-115.25361,33.83389,"Larrea tridentata"
"806",-115.08058,33.91286,"Larrea tridentata"
"807",-115.21244,33.90989,"Larrea tridentata"
"808",-115.077222,33.913889,"Larrea tridentata"
"809",-115.08057,33.91286,"Larrea tridentata"
"810",-116.1829,33.2968,"Larrea tridentata"
"811",-116.1171,33.0675,"Larrea tridentata"
"812",-115.84611,33.52111,"Larrea tridentata"
"813",-115.11171,33.71244,"Larrea tridentata"
"814",-115.6739,34.7097,"Larrea tridentata"
"815",-116.0646,33.2872,"Larrea tridentata"
"816",-115.50444,33.29889,"Larrea tridentata"
"818",-116.14333,32.7475,"Larrea tridentata"
"819",-115.264542,33.749054999128,"Larrea tridentata"
"820",-115.87722,34.31027,"Larrea tridentata"
"821",-116.3833,33.14,"Larrea tridentata"
"822",-115,33,"Larrea tridentata"
"825",-113.14,34.32,"Larrea tridentata"
"827",-115.88028,33.51361,"Larrea tridentata"
"828",-114.85,33.08333,"Larrea tridentata"
"829",-115.684,34.611,"Larrea tridentata"
"830",-115.49028,33.28694,"Larrea tridentata"
"833",-115.866678,33.9003669991261,"Larrea tridentata"
"835",-116.7374,34.6299,"Larrea tridentata"
"838",-116.11861,32.70361,"Larrea tridentata"
"839",-116.4384,33.3749,"Larrea tridentata"
"840",-115.60942,33.37475,"Larrea tridentata"
"841",-115.6763,34.7088,"Larrea tridentata"
"842",-116.2475,32.9775,"Larrea tridentata"
"844",-116.88778,36.19333,"Larrea tridentata"
"845",-117.5625,35.3924999991088,"Larrea tridentata"
"846",-114.618,33.0244,"Larrea tridentata"
"847",-117.56778,35.39083,"Larrea tridentata"
"848",-116.0262,33.29739,"Larrea tridentata"
"849",-116.0865,33.3056,"Larrea tridentata"
"851",-116.41028,33.30556,"Larrea tridentata"
"852",-116.334444,34.828333,"Larrea tridentata"
"853",-116.3756,33.0106,"Larrea tridentata"
"854",-117.5673,35.3917,"Larrea tridentata"
"855",-116.3285,32.9732,"Larrea tridentata"
"856",-116.52,33.9111,"Larrea tridentata"
"857",-116.33502,34.13543,"Larrea tridentata"
"858",-115.6579,34.709,"Larrea tridentata"
"859",-116.4327,33.1049,"Larrea tridentata"
"860",-116.52,33.91111,"Larrea tridentata"
"861",-116.4341,33.0477,"Larrea tridentata"
"862",-116.3461,33.0186,"Larrea tridentata"
"863",-116.4275,33.8227999991271,"Larrea tridentata"
"866",-116.2643,33.0562,"Larrea tridentata"
"867",-116.1299,33.1057,"Larrea tridentata"
"868",-116.199,33.1298,"Larrea tridentata"
"869",-116.1206,32.9893,"Larrea tridentata"
"872",-116.2322,33.047,"Larrea tridentata"
"873",-116.4247,33.0188,"Larrea tridentata"
"879",-116.10648,33.17767,"Larrea tridentata"
"880",-116.3675,33.3269,"Larrea tridentata"
"881",-116.30997,33.84433,"Larrea tridentata"
"882",-116.408225,33.266985,"Larrea tridentata"
"884",-116.476389,34.788611,"Larrea tridentata"
"885",-114.399722,34.305,"Larrea tridentata"
"887",-114.235833,34.283333,"Larrea tridentata"
"888",-116.33444,34.82833,"Larrea tridentata"
"891",-114.390833,34.181111,"Larrea tridentata"
"892",-114.399167,34.45,"Larrea tridentata"
"895",-114.405833,34.418333,"Larrea tridentata"
"897",-114.402778,34.311667,"Larrea tridentata"
"898",-114.296111,34.173611,"Larrea tridentata"
"900",-116.3895,33.3226,"Larrea tridentata"
"904",-116.126862,32.997722,"Larrea tridentata"
"909",-114.338333,34.382778,"Larrea tridentata"
"912",-116.243889,34.75,"Larrea tridentata"
"914",-116.22639,33.30917,"Larrea tridentata"
"918",-114.29611,34.17361,"Larrea tridentata"
"924",-116.372171,33.105372,"Larrea tridentata"
"929",-116.47639,34.78861,"Larrea tridentata"
"933",-116.2616,33.1619,"Larrea tridentata"
"934",-116.24378,34.74994,"Larrea tridentata"
"935",-114.278611,34.173333,"Larrea tridentata"
"937",-116.3781,33.0383,"Larrea tridentata"
"938",-113.54,37.02,"Larrea tridentata"
"940",-116.30889,32.99833,"Larrea tridentata"
"941",-114.27861,34.17333,"Larrea tridentata"
"942",-116.61806,34.78917,"Larrea tridentata"
"943",-115.7127,35.6546,"Larrea tridentata"
"944",-116.618056,34.789167,"Larrea tridentata"
"946",-116.105833,32.638889,"Larrea tridentata"
"947",-115.285278,33.407222,"Larrea tridentata"
"948",-115.674444,34.570556,"Larrea tridentata"
"949",-115.635056,33.445194,"Larrea tridentata"
"950",-116.455833,34.149167,"Larrea tridentata"
"951",-115.67444,34.57056,"Larrea tridentata"
"952",-116.45583,34.14917,"Larrea tridentata"
"956",-117.66889,34.49833,"Larrea tridentata"
"958",-116.24639,34.72889,"Larrea tridentata"
"960",-115.635,33.445278,"Larrea tridentata"
"962",-115.63506,33.44519,"Larrea tridentata"
"965",-111.38333,32.63333,"Larrea tridentata"
"966",-111.25,32.5,"Larrea tridentata"
"967",-110.86666,32.26666,"Larrea tridentata"
"968",-115.45111,34.28722,"Larrea tridentata"
"969",-114.318056,34.307778,"Larrea tridentata"
"970",-115.414444,35.444167,"Larrea tridentata"
"971",-114.52222,34.26389,"Larrea tridentata"
"972",-114.415556,34.359444,"Larrea tridentata"
"973",-114.522222,34.263889,"Larrea tridentata"
"974",-115.365278,34.133889,"Larrea tridentata"
"977",-115.451111,34.287222,"Larrea tridentata"
"979",-115.36528,34.13389,"Larrea tridentata"
"981",-115.41444,35.44417,"Larrea tridentata"
"990",-116.3742,33.3528,"Larrea tridentata"
"991",-116.3061,32.9514,"Larrea tridentata"
"992",-116.43191,33.37089,"Larrea tridentata"
"993",-114.228056,34.202222,"Larrea tridentata"
"994",-114.293611,34.332778,"Larrea tridentata"
"995",-114.232222,34.323889,"Larrea tridentata"
"996",-114.521667,34.297778,"Larrea tridentata"
"997",-114.648056,34.321111,"Larrea tridentata"
"998",-114.291667,34.331111,"Larrea tridentata"
"999",-114.83583,32.75361,"Larrea tridentata"
"1000",-114.926389,32.755833,"Larrea tridentata"
"1001",-114.521111,34.125833,"Larrea tridentata"
"1004",-114.496667,34.305278,"Larrea tridentata"
"1005",-114.174167,34.253611,"Larrea tridentata"
"1006",-114.559722,34.171389,"Larrea tridentata"
"1007",-114.471667,34.263611,"Larrea tridentata"
"1008",-114.291778,34.331083,"Larrea tridentata"
"1009",-114.392778,34.183333,"Larrea tridentata"
"1010",-114.559867,34.1714,"Larrea tridentata"
"1013",-116.4,33.65,"Larrea tridentata"
"1014",-114.277222,34.371667,"Larrea tridentata"
"1016",-114.395278,34.212778,"Larrea tridentata"
"1020",-116.574444,33.8474999991268,"Larrea tridentata"
"1021",-114.643056,34.247778,"Larrea tridentata"
"1022",-114.386111,34.178611,"Larrea tridentata"
"1023",-117.88419,35.68,"Larrea tridentata"
"1024",-114.219033,34.216433,"Larrea tridentata"
"1027",-114.266944,34.287778,"Larrea tridentata"
"1029",-114.218889,34.216389,"Larrea tridentata"
"1030",-116.57444,33.8475,"Larrea tridentata"
"1033",-114.321333,34.37595,"Larrea tridentata"
"1034",-117.87583,35.71111,"Larrea tridentata"
"1035",-114.221389,34.218056,"Larrea tridentata"
"1037",-117.884444,35.68,"Larrea tridentata"
"1039",-117.8757,35.711,"Larrea tridentata"
"1040",-114.651389,34.4375,"Larrea tridentata"
"1041",-117.884848764822,35.6799255040604,"Larrea tridentata"
"1044",-117.876348900486,35.710924785289,"Larrea tridentata"
"1045",-114.272778,34.270556,"Larrea tridentata"
"1048",-116.574444,33.8475,"Larrea tridentata"
"1055",-117.8842,35.68,"Larrea tridentata"
"1057",-114.321111,34.375833,"Larrea tridentata"
"1062",-114.532778,34.276389,"Larrea tridentata"
"1063",-114.5204,34.199933,"Larrea tridentata"
"1064",-114.30693,34.25503,"Larrea tridentata"
"1065",-110.90777,33.5275,"Larrea tridentata"
"1066",-114.309467,34.225483,"Larrea tridentata"
"1067",-114.5328,34.276633,"Larrea tridentata"
"1068",-114.425783,34.329683,"Larrea tridentata"
"1069",-114.306933,34.255033,"Larrea tridentata"
"1077",-114.306667,34.255,"Larrea tridentata"
"1078",-114.425556,34.329444,"Larrea tridentata"
"1079",-114.85,33.816667,"Larrea tridentata"
"1080",-114.30947,34.22548,"Larrea tridentata"
"1081",-114.309444,34.225278,"Larrea tridentata"
"1084",-114.5204,34.19993,"Larrea tridentata"
"1095",-114.276944,34.39,"Larrea tridentata"
"1107",-116.16378,35.21628,"Larrea tridentata"
"1108",-114.293889,34.291111,"Larrea tridentata"
"1109",-116.113778,35.216278,"Larrea tridentata"
"1110",-114.496667,34.119444,"Larrea tridentata"
"1111",-116.163889,35.216389,"Larrea tridentata"
"1115",-114.309722,34.301111,"Larrea tridentata"
"1116",-114.29389,34.29111,"Larrea tridentata"
"1118",-116.16389,35.21639,"Larrea tridentata"
"1121",-116.29806,35.119164,"Larrea tridentata"
"1123",-114.49667,34.11944,"Larrea tridentata"
"1130",-116.298056,35.119167,"Larrea tridentata"
"1131",-114.383333,34.264444,"Larrea tridentata"
"1137",-114.235,34.288889,"Larrea tridentata"
"1144",-114.846623,32.81473,"Larrea tridentata"
"1149",-114.846667,32.814722,"Larrea tridentata"
"1151",-116.45,33.1,"Larrea tridentata"
"1154",-117.874167,35.715833,"Larrea tridentata"
"1155",-117.874,35.71581,"Larrea tridentata"
"1156",-117.874648912563,35.715724676911,"Larrea tridentata"
"1158",-117.874,35.7158,"Larrea tridentata"
"1159",-116.3492,33.0175,"Larrea tridentata"
"1161",-111.2058,32.25829,"Larrea tridentata"
"1176",-116.11364,33.26439,"Larrea tridentata"
"1178",-115.8,33.677778,"Larrea tridentata"
"1179",-116.2,34.733333,"Larrea tridentata"
"1183",-115.85139,33.11917,"Larrea tridentata"
"1184",-114.041232,36.737666,"Larrea tridentata"
"1185",-114.632778,34.329722,"Larrea tridentata"
"1186",-114.174167,34.253333,"Larrea tridentata"
"1187",-111.294756,33.536407,"Larrea tridentata"
"1196",-114.286389,34.173056,"Larrea tridentata"
"1198",-103.61556,29.32139,"Larrea tridentata"
"1200",-110.47,33.19,"Larrea tridentata"
"1202",-116.11583,33.06861,"Larrea tridentata"
"1203",-116.2,33.30278,"Larrea tridentata"
"1205",-114.62055,34.84388,"Larrea tridentata"
"1207",-114.96389,32.70917,"Larrea tridentata"
"1221",-115.68333,34.73833,"Larrea tridentata"
"1222",-115.68,34.73,"Larrea tridentata"
"1226",-116.642,33.9363,"Larrea tridentata"
"1227",-114.97111,35.09167,"Larrea tridentata"
"1228",-115.63667,34.78,"Larrea tridentata"
"1229",-114.97,35.09,"Larrea tridentata"
"1245",-111.95,33.52,"Larrea tridentata"
"1247",-114.62167,32.809,"Larrea tridentata"
"1249",-116.23806,32.86778,"Larrea tridentata"
"1250",-115.38583,34.25,"Larrea tridentata"
"1252",-110.65333,32.26,"Larrea tridentata"
"1253",-116.3253,34.266,"Larrea tridentata"
"1257",-116.76,33.95083,"Larrea tridentata"
"1258",-113.9,37.01,"Larrea tridentata"
"1260",-117.70972,34.44556,"Larrea tridentata"
"1261",-117.709722,34.445556,"Larrea tridentata"
"1262",-111.961667,32.831667,"Larrea tridentata"
"1270",-122.58333,47.66666,"Larrea tridentata"
"1271",-115.41822,34.55403,"Larrea tridentata"
"1272",-116.0039,32.7258,"Larrea tridentata"
"1273",-116.48333,34.1,"Larrea tridentata"
"1275",-116.110601884996,35.179950664554,"Larrea tridentata"
"1278",-118.0454,34.5543,"Larrea tridentata"
"1281",-115.89,36.24,"Larrea tridentata"
"1282",-110.18,31.72,"Larrea tridentata"
"1283",-119.512981945355,35.2740241025541,"Larrea tridentata"
"1284",-119.370078521121,35.2595255310521,"Larrea tridentata"
"1286",-119.459380405433,35.2451252532471,"Larrea tridentata"
"1287",-119.495081220871,35.245124991109,"Larrea tridentata"
"1288",-119.405779337468,35.2595252693075,"Larrea tridentata"
"1291",-117.72583,34.46194,"Larrea tridentata"
"1292",-117.725833,34.461944,"Larrea tridentata"
"1293",-114.81667,33.29167,"Larrea tridentata"
"1294",-114.79246,33.28012,"Larrea tridentata"
"1295",-112.066747,33.335962,"Larrea tridentata"
"1296",-115.7159,33.9952,"Larrea tridentata"
"1301",-114.074879,35.174287,"Larrea tridentata"
"1303",-117.63444,34.38222,"Larrea tridentata"
"1305",-115.96124,32.80427,"Larrea tridentata"
"1307",-114.9642,34.8469,"Larrea tridentata"
"1308",-115.95,32.8,"Larrea tridentata"
"1318",-118.14242,34.48689,"Larrea tridentata"
"1319",-118.1425,34.486944,"Larrea tridentata"
"1320",-115.14004,33.02788,"Larrea tridentata"
"1321",-115.18333,33.03333,"Larrea tridentata"
"1327",-116.31,35.84,"Larrea tridentata"
"1328",-116.4,33.26,"Larrea tridentata"
"1331",-114.916667,34.1,"Larrea tridentata"
"1332",-113.8911,37.0625,"Larrea tridentata"
"1333",-113.8211,36.9394,"Larrea tridentata"
"1346",-117.9951,34.4787,"Larrea tridentata"
"1347",-116.45556,33.86111,"Larrea tridentata"
"1348",-112.82135,32.019722,"Larrea tridentata"
"1349",-116.5325,33.90528,"Larrea tridentata"
"1350",-113.89,37.04,"Larrea tridentata"
"1351",-117.7271,34.5252,"Larrea tridentata"
"1353",-115.7512,35.1535,"Larrea tridentata"
"1356",-111.05,32.283333,"Larrea tridentata"
"1359",-103.65,30.35,"Larrea tridentata"
"1361",-116.3343,35.6246999991063,"Larrea tridentata"
"1367",-103.24417,29.40655,"Larrea tridentata"
"1372",-116.316667,33.35,"Larrea tridentata"
"1376",-117.9433,35.4651,"Larrea tridentata"
"1377",-117.7917,34.6915,"Larrea tridentata"
"1381",-117.7652,34.4994,"Larrea tridentata"
"1382",-115.7,35.4,"Larrea tridentata"
"1384",-114.5,35.73333,"Larrea tridentata"
"1394",-115.67,33.42,"Larrea tridentata"
"1396",-113.35,32.833,"Larrea tridentata"
"1397",-115.666667,33.416667,"Larrea tridentata"
"1403",-116.383333,33.816667,"Larrea tridentata"
"1410",-114.90778,33.73361,"Larrea tridentata"
"1412",-111.443834,33.169272,"Larrea tridentata"
"1418",-116.11666,34.83333,"Larrea tridentata"
"1422",-117.36667,33.86667,"Larrea tridentata"
"1425",-115.65167,34.78361,"Larrea tridentata"
"1426",-114.91666,32.73333,"Larrea tridentata"
"1428",-117.2659,34.5403,"Larrea tridentata"
"1429",-116.109586,36.487811,"Larrea tridentata"
"1430",-116.32,34.43667,"Larrea tridentata"
"1431",-115.6415,34.96,"Larrea tridentata"
"1432",-114.5169,33.8250999991271,"Larrea tridentata"
"1435",-116.10667,34.25833,"Larrea tridentata"
"1454",-102.03333,29.53333,"Larrea tridentata"
"1459",-115.7031,35.5042,"Larrea tridentata"
"1463",-116.3879,34.7767,"Larrea tridentata"
"1465",-115.54583,34.8125,"Larrea tridentata"
"1467",-106.537,31.905,"Larrea tridentata"
"1473",-118.15,35.13333,"Larrea tridentata"
"1476",-117.783333,34.966667,"Larrea tridentata"
"1477",-117.77778,34.91611,"Larrea tridentata"
"1480",-116.2216,34.2982,"Larrea tridentata"
"1481",-116.22111,34.29806,"Larrea tridentata"
"1483",-115.0583,33.13,"Larrea tridentata"
"1484",-114.780528,35.12088,"Larrea tridentata"
"1485",-109.53667,31.7457,"Larrea tridentata"
"1486",-115.05833,33.13,"Larrea tridentata"
"1488",-118.09694,34.54472,"Larrea tridentata"
"1500",-115.07889,33.91167,"Larrea tridentata"
"1501",-115.091389,34.245,"Larrea tridentata"
"1502",-115.078611,33.912222,"Larrea tridentata"
"1503",-115.9942,32.7422,"Larrea tridentata"
"1504",-115.09139,34.245,"Larrea tridentata"
"1505",-115.1041,34.2511,"Larrea tridentata"
"1509",-116.6963,34.8002,"Larrea tridentata"
"1510",-117.960278,36.108611,"Larrea tridentata"
"1513",-117.96028,36.10861,"Larrea tridentata"
"1514",-117.533,35.0273,"Larrea tridentata"
"1528",-113.91667,32.26667,"Larrea tridentata"
"1533",-115.966,33.6007,"Larrea tridentata"
"1534",-116.1038,35.1428,"Larrea tridentata"
"1537",-117.072778,34.4563889991194,"Larrea tridentata"
"1548",-117.65972,35.0125,"Larrea tridentata"
"1569",-116.20389,33.53222,"Larrea tridentata"
"1572",-114.74,32.82,"Larrea tridentata"
"1573",-116.2039,33.5322,"Larrea tridentata"
"1581",-114.31139,34.32306,"Larrea tridentata"
"1586",-115.458333,33.7,"Larrea tridentata"
"1591",-115.9,32.68,"Larrea tridentata"
"1598",-115.37,33.15,"Larrea tridentata"
"1599",-115.2417,33.9083,"Larrea tridentata"
"1607",-117.119,33.1499999991357,"Larrea tridentata"
"1614",-115.24167,33.90833,"Larrea tridentata"
"1619",-116.3049,34.1068,"Larrea tridentata"
"1626",-117.5,34.7,"Larrea tridentata"
"1629",-106.540278,31.854167,"Larrea tridentata"
"1636",-116.4114,35.0698,"Larrea tridentata"
"1648",-116.5666,34.0516,"Larrea tridentata"
"1649",-116.26418,32.9354,"Larrea tridentata"
"1650",-116.69333,33.89167,"Larrea tridentata"
"1674",-115.7755,33.0942,"Larrea tridentata"
"1677",-114.8434,32.9459,"Larrea tridentata"
"1684",-116.5675,34.04444,"Larrea tridentata"
"1687",-115.8767,34.7349,"Larrea tridentata"
"1690",-115.2355,34.745,"Larrea tridentata"
"1691",-116.51049,33.11111,"Larrea tridentata"
"1706",-116.689,36.4046,"Larrea tridentata"
"1710",-117.2298,36.2531,"Larrea tridentata"
"1711",-117.18583,34.50083,"Larrea tridentata"
"1719",-115.7875,34.42528,"Larrea tridentata"
"1723",-118.1292,35.1254,"Larrea tridentata"
"1724",-115.9849,33.9557,"Larrea tridentata"
"1728",-115.66333,34.41083,"Larrea tridentata"
"1733",-114.980962,37.012426,"Larrea tridentata"
"1736",-114.965325,33.711734,"Larrea tridentata"
"1772",-116.4737,33.0978,"Larrea tridentata"
"1773",-116.3794,33.758,"Larrea tridentata"
"1776",-116.0167,32.7265,"Larrea tridentata"
"1778",-117.671111,35.0077779991131,"Larrea tridentata"
"1779",-116.7013,34.8245,"Larrea tridentata"
"1781",-114.7745,33.283,"Larrea tridentata"
"1782",-116.4001,33.6615,"Larrea tridentata"
"1783",-116.6101,34.7721,"Larrea tridentata"
"1789",-115.241111,34.8077779991153,"Larrea tridentata"
"1790",-106.925833,32.551944,"Larrea tridentata"
"1799",-111.074367,32.158878,"Larrea tridentata"
"1801",-115.9161,33.0984,"Larrea tridentata"
"1802",-115.9806,33.5847,"Larrea tridentata"
"1804",-115.9958,35.786,"Larrea tridentata"
"1807",-117.332222,35.8852779991036,"Larrea tridentata"
"1808",-116.855278,34.5038889991188,"Larrea tridentata"
"1812",-96.70639,31.90079,"Larrea tridentata"
"1813",-116.6311,33.9228,"Larrea tridentata"
"1814",-115.93,35.1446,"Larrea tridentata"
"1815",-116.2965,36.0952,"Larrea tridentata"
"1851",-114.7744,32.719,"Larrea tridentata"
"1853",-116.868333,36.4758329990978,"Larrea tridentata"
"1854",-114.839444,32.738889,"Larrea tridentata"
"1862",-116.8593,34.3617,"Larrea tridentata"
"1864",-117.8724,36.0864,"Larrea tridentata"
"1904",-117.0794,36.5054,"Larrea tridentata"
"1906",-116.3997,35.552,"Larrea tridentata"
"1908",-117.7689,36.0467,"Larrea tridentata"
"1909",-115.4277,33.6858,"Larrea tridentata"
"1911",-115.6917,34.7563,"Larrea tridentata"
"1915",-116.43639,35.55917,"Larrea tridentata"
"1916",-117.8241,34.4661,"Larrea tridentata"
"1934",-115.807580485562,33.7159923840314,"Larrea tridentata"
"1935",-115.720583340264,34.2309785760613,"Larrea tridentata"
"1938",-117.8754,35.4352,"Larrea tridentata"
"1941",-116.653602721758,33.9799793118267,"Larrea tridentata"
"1953",-115.6858,34.8820999991145,"Larrea tridentata"
"1954",-116.7826,33.9171,"Larrea tridentata"
"1972",-115.55972,35.1025,"Larrea tridentata"
"1974",-114.583333,32.916667,"Larrea tridentata"
"1986",-104.011111,29.8275,"Larrea tridentata"
"1990",-117.1936,36.1052,"Larrea tridentata"
"1995",-104.571992,33.748074,"Larrea tridentata"
"2013",-116.3583,35.6484,"Larrea tridentata"
"2024",-116.412222,33.618611,"Larrea tridentata"
"2025",-114.2547,34.1798,"Larrea tridentata"
"2026",-115.5489,33.6798,"Larrea tridentata"
"2029",-118.1815,35.0864,"Larrea tridentata"
"2046",-112.135211,32.834543,"Larrea tridentata"
"2048",-116.200590451166,33.7999874094207,"Larrea tridentata"
"2053",-116.188333,34.7241669991163,"Larrea tridentata"
"2054",-117.991389,35.379166999109,"Larrea tridentata"
"2055",-116.30139,33.78889,"Larrea tridentata"
"2059",-117.0699,36.8514,"Larrea tridentata"
"2062",-116.8353,34.6419,"Larrea tridentata"
"2087",-117.280833,36.3966669990985,"Larrea tridentata"
"2094",-116.9433,36.5917,"Larrea tridentata"
"2097",-117.008333,36.6802779990958,"Larrea tridentata"
"2102",-115.333333,35.366667,"Larrea tridentata"
"2103",-115.4982,34.9798,"Larrea tridentata"
"2107",-117.4668,36.3396,"Larrea tridentata"
"2114",-115.5559,35.0499,"Larrea tridentata"
"2115",-117.1889,34.9799,"Larrea tridentata"
"2116",-115.578889,35.0875,"Larrea tridentata"
"2119",-116.3131,34.1347,"Larrea tridentata"
"2127",-111.922222,33.465833,"Larrea tridentata"
"2136",-118.1653,35.0775,"Larrea tridentata"
"2151",-116.3919,33.7206,"Larrea tridentata"
"2152",-115.070556663092,32.9970179665355,"Larrea tridentata"
"2160",-118.1742,35.0524,"Larrea tridentata"
"2163",-118.0265,34.4943,"Larrea tridentata"
"2185",-117.154049,36.115175,"Larrea tridentata"
"2191",-117.7651,34.4694,"Larrea tridentata"
"2192",-117.765,34.4549,"Larrea tridentata"
"2194",-115.666667,34.833333,"Larrea tridentata"
"2195",-115.670588019313,34.8329626988461,"Larrea tridentata"
"2197",-117.8987,34.4649,"Larrea tridentata"
"2199",-117.828056,34.471667,"Larrea tridentata"
"2203",-117.9908,35.3864,"Larrea tridentata"
"2206",-116.8965,34.4069,"Larrea tridentata"
"2208",-116.5693,34.0541,"Larrea tridentata"
"2209",-117.12667,35.94194,"Larrea tridentata"
"2217",-118.1651,34.8992,"Larrea tridentata"
"2229",-108.95222,32.08008,"Larrea tridentata"
"2230",-116.083,32.7899999991406,"Larrea tridentata"
"2231",-117.448,34.6846,"Larrea tridentata"
"2234",-115.2457,34.7351,"Larrea tridentata"
"2235",-116.5505,33.7612,"Larrea tridentata"
"2236",-116.6225,33.89806,"Larrea tridentata"
"2239",-117.5142,34.8954,"Larrea tridentata"
"2240",-117.972,35.3556,"Larrea tridentata"
"2244",-117.9748,35.3593,"Larrea tridentata"
"2249",-116.46972,34.13639,"Larrea tridentata"
"2251",-117.258889,34.473056,"Larrea tridentata"
"2252",-113.527194,36.940017,"Larrea tridentata"
"2255",-117.0074,36.0906,"Larrea tridentata"
"2262",-103.35228,29.281341,"Larrea tridentata"
"2277",-115.9511,33.2571,"Larrea tridentata"
"2282",-115.6428,34.5635,"Larrea tridentata"
"2291",-111.132222,32.211944,"Larrea tridentata"
"2295",-117.3416,35.9733,"Larrea tridentata"
"2296",-117.5567,35.0465,"Larrea tridentata"
"2297",-115.924,32.6887,"Larrea tridentata"
"2306",-104.5225,33.64084,"Larrea tridentata"
"2326",-116.66833,33.91361,"Larrea tridentata"
"2327",-116.581944,34.0452779991244,"Larrea tridentata"
"2328",-111.376897,33.069877,"Larrea tridentata"
"2330",-116.02167,32.72833,"Larrea tridentata"
"2333",-116.0376,34.1288,"Larrea tridentata"
"2338",-117.146,36.6068,"Larrea tridentata"
"2345",-117.14556,36.60611,"Larrea tridentata"
"2350",-116.5975,33.9969999991249,"Larrea tridentata"
"2359",-116.031389,34.136389,"Larrea tridentata"
"2365",-103.245884,31.498084,"Larrea tridentata"
"2366",-110.9688,32.27088,"Larrea tridentata"
"2375",-115.8376,32.7911,"Larrea tridentata"
"2386",-115.83375257502,32.7909472180405,"Larrea tridentata"
"2387",-116.0424,33.5697,"Larrea tridentata"
"2388",-116.310093395834,33.8412855141969,"Larrea tridentata"
"2390",-115.7628,33.0855,"Larrea tridentata"
"2391",-116.2175,33.7209,"Larrea tridentata"
"2393",-117.7545,35.2103,"Larrea tridentata"
"2394",-114.014274,32.700485,"Larrea tridentata"
"2397",-117.753640688695,35.2079385214271,"Larrea tridentata"
"2402",-116.3976,34.1393,"Larrea tridentata"
"2415",-116.8444,34.8109,"Larrea tridentata"
"2429",-110.00056,32.06556,"Larrea tridentata"
"2453",-99.406944,27.544167,"Larrea tridentata"
"2454",-99.410285,27.546098,"Larrea tridentata"
"2456",-99.353056,26.976111,"Larrea tridentata"
"2460",-99.418333,27.222222,"Larrea tridentata"
"2465",-116.6353,33.9219,"Larrea tridentata"
"2468",-116.120278,34.1208329991234,"Larrea tridentata"
"2469",-99.277778,26.906944,"Larrea tridentata"
"2477",-117.270556,36.4197219990983,"Larrea tridentata"
"2478",-117.7557,34.4985,"Larrea tridentata"
"2483",-113.37961,37.180629,"Larrea tridentata"
"2490",-103.606111,31.717778,"Larrea tridentata"
"2493",-104.36527,29.56055,"Larrea tridentata"
"2498",-102.885556,32.073056,"Larrea tridentata"
"2502",-117.6716,36.9362,"Larrea tridentata"
"2515",-116.0958,33.0393,"Larrea tridentata"
"2521",-116.0503,33.3947,"Larrea tridentata"
"2526",-104.30278,29.77645,"Larrea tridentata"
"2527",-115.0571,32.9947,"Larrea tridentata"
"2528",-116.4036,33.6327,"Larrea tridentata"
"2529",-114.7536,32.8421,"Larrea tridentata"
"2533",-116.5787,33.998,"Larrea tridentata"
"2542",-117.9287,35.8451,"Larrea tridentata"
"2544",-106.787222,33.900556,"Larrea tridentata"
"2554",-117.3427,35.356,"Larrea tridentata"
"2566",-115.1891,32.9717,"Larrea tridentata"
"2568",-115.9947,33.578,"Larrea tridentata"
"2571",-115.86667,33.125,"Larrea tridentata"
"2576",-102.9452,29.57444,"Larrea tridentata"
"2589",-116.8666,36.459,"Larrea tridentata"
"2590",-116.375,33.65,"Larrea tridentata"
"2592",-116.3986,33.6575,"Larrea tridentata"
"2600",-116.3758,33.6485,"Larrea tridentata"
"2602",-115.5872,33.3653,"Larrea tridentata"
"2603",-113.63,37.57,"Larrea tridentata"
"2604",-115.6962,34.1118,"Larrea tridentata"
"2605",-118.045647764647,35.2359357193692,"Larrea tridentata"
"2609",-116.680602477741,33.8899816614554,"Larrea tridentata"
"2612",-116.2905,35.6327,"Larrea tridentata"
"2614",-116.0596,33.4254,"Larrea tridentata"
"2622",-115.5309,34.5447,"Larrea tridentata"
"2623",-116.4657,33.7747,"Larrea tridentata"
"2637",-116.2196,33.7209,"Larrea tridentata"
"2638",-115.9476,33.1261,"Larrea tridentata"
"2640",-117.518,36.3021,"Larrea tridentata"
"2642",-116.6465,33.9058,"Larrea tridentata"
"2648",-116.0632,32.6918,"Larrea tridentata"
"2649",-117.59062966345,34.5059583620595,"Larrea tridentata"
"2654",-117.9096,34.5355,"Larrea tridentata"
"2665",-116.929336972033,36.6633085414171,"Larrea tridentata"
"2666",-116.9095,36.6694,"Larrea tridentata"
"2669",-116.9724,36.3106,"Larrea tridentata"
"2670",-116.900636692928,36.6999078977133,"Larrea tridentata"
"2671",-116.6529,33.9828,"Larrea tridentata"
"2672",-116.90063231564,36.2999173121078,"Larrea tridentata"
"2683",-114.8882,32.7384,"Larrea tridentata"
"2686",-118.11531,34.6328039991173,"Larrea tridentata"
"2687",-116.3988,33.6969,"Larrea tridentata"
"2692",-116.460590368645,33.1500044637978,"Larrea tridentata"
"2693",-99.348611,27.341111,"Larrea tridentata"
"2718",-116.3088,33.8316,"Larrea tridentata"
"2747",-115.6448,34.9699,"Larrea tridentata"
"2754",-117.9184,35.4381,"Larrea tridentata"
"2755",-117.7806,35.4453,"Larrea tridentata"
"2756",-117.6095,35.3151,"Larrea tridentata"
"2760",-108.31972,31.9616,"Larrea tridentata"
"2786",-115.2001,33.6588,"Larrea tridentata"
"2787",-115.228333,33.684444,"Larrea tridentata"
"2788",-115.666667,34.666667,"Larrea tridentata"
"2789",-116.3013,35.1027,"Larrea tridentata"
"2790",-116.5843,34.0221,"Larrea tridentata"
"2793",-117.900649025717,35.6699256427055,"Larrea tridentata"
"2797",-111.924388,34.783212,"Larrea tridentata"
"2799",-117.9103,34.5065,"Larrea tridentata"
"2801",-113.913056,36.894444,"Larrea tridentata"
"2812",-116.06426,32.82066,"Larrea tridentata"
"2813",-115.318,33.7021,"Larrea tridentata"
"2815",-116.079965092929,33.0995754428899,"Larrea tridentata"
"2818",-115.89222,34.12333,"Larrea tridentata"
"2819",-116.9307,36.6626,"Larrea tridentata"
"2820",-117.290639367734,36.0999193578652,"Larrea tridentata"
"2826",-116.375556,34.746943999116,"Larrea tridentata"
"2829",-117.8309,35.6446,"Larrea tridentata"
"2831",-116.6666,36.3724,"Larrea tridentata"
"2851",-115.95,33.683333,"Larrea tridentata"
"2858",-116.78,33.9,"Larrea tridentata"
"2860",-117.9078,35.3723,"Larrea tridentata"
"2863",-118.0864,36.8444,"Larrea tridentata"
"2868",-118.283473393978,37.048789799018,"Larrea tridentata"
"2874",-117.91063678966,34.4799568417528,"Larrea tridentata"
"2875",-110.747451,32.04471,"Larrea tridentata"
"2878",-118.95,35.53333,"Larrea tridentata"
"2883",-117.99405096698,35.6480255250762,"Larrea tridentata"
"2884",-116.2912,35.6344,"Larrea tridentata"
"2887",-116.8586,34.9411,"Larrea tridentata"
"2890",-116.85333,34.93667,"Larrea tridentata"
"2892",-117.99319818724,35.3904080977983,"Larrea tridentata"
"2896",-115.3798,34.6423,"Larrea tridentata"
"2899",-117.6798,35.5292,"Larrea tridentata"
"2903",-116.4046,33.6255,"Larrea tridentata"
"2904",-117.657,35.3633,"Larrea tridentata"
"2911",-120.0108,35.7255,"Larrea tridentata"
"2917",-117.5466,36.2181,"Larrea tridentata"
"2921",-120.0009,35.6936,"Larrea tridentata"
"2935",-116.4084,33.6246,"Larrea tridentata"
"2936",-116.4129,33.6166,"Larrea tridentata"
"2943",-115.8747,34.5826,"Larrea tridentata"
"2947",-99.439444,27.803889,"Larrea tridentata"
"2951",-116.1685,34.7685,"Larrea tridentata"
"2952",-116.4113,33.6195,"Larrea tridentata"
"2953",-117.5727,34.4558,"Larrea tridentata"
"2955",-116.48,33.86,"Larrea tridentata"
"2957",-116.3974,33.6906,"Larrea tridentata"
"2959",-104.833137,31.841816,"Larrea tridentata"
"2960",-115.63833,35.58361,"Larrea tridentata"
"2966",-116.6522,33.965,"Larrea tridentata"
"2968",-115.236944,33.998056,"Larrea tridentata"
"2969",-116.3548,33.7243,"Larrea tridentata"
"2972",-114.923,32.7133,"Larrea tridentata"
"2974",-115.9236,33.6023,"Larrea tridentata"
"2975",-117.6716,35.4339,"Larrea tridentata"
"2978",-116.260592135027,33.829986162709,"Larrea tridentata"
"2979",-116.5511,33.7611,"Larrea tridentata"
"2983",-116.646667,33.961944,"Larrea tridentata"
"2984",-116.6091,33.9301,"Larrea tridentata"
"2986",-117.3403,35.9643,"Larrea tridentata"
"2990",-116.95,34.4443,"Larrea tridentata"
"2991",-117.6087,35.3186,"Larrea tridentata"
"2994",-116.550598909749,33.8329841433231,"Larrea tridentata"
"2998",-116.5849,34.0265,"Larrea tridentata"
"3002",-116.34,33.15,"Larrea tridentata"
"3003",-116.2807,33.3369,"Larrea tridentata"
"3009",-116.5458,33.7597,"Larrea tridentata"
"3010",-116.61945,33.9696799991253,"Larrea tridentata"
"3018",-116.646,33.9532,"Larrea tridentata"
"3019",-118.147644470948,34.6959493079595,"Larrea tridentata"
"3020",-118.1741,35.052,"Larrea tridentata"
"3022",-115.9867,32.8091,"Larrea tridentata"
"3027",-117.97,34.52,"Larrea tridentata"
"3030",-116.2734,33.7435,"Larrea tridentata"
"3031",-117.069841101038,36.7344058845714,"Larrea tridentata"
"3037",-116.4199,33.2714,"Larrea tridentata"
"3038",-117.134093827888,36.7523400073236,"Larrea tridentata"
"3041",-116.29951,33.13579,"Larrea tridentata"
"3043",-115.631,34.8494,"Larrea tridentata"
"3044",-115.63333,34.85389,"Larrea tridentata"
"3045",-115.6487,34.9084,"Larrea tridentata"
"3048",-115.9288,33.9251,"Larrea tridentata"
"3058",-115.7017,33.9983,"Larrea tridentata"
"3061",-115.9587,32.7924,"Larrea tridentata"
"3062",-116.0018,34.0778,"Larrea tridentata"
"3065",-117.9728,35.3518,"Larrea tridentata"
"3066",-116.1337,32.63765,"Larrea tridentata"
"3069",-116.9676,34.8819,"Larrea tridentata"
"3070",-116.1008,32.6589,"Larrea tridentata"
"3073",-116.22911,33.25115,"Larrea tridentata"
"3075",-116.049,34.1287,"Larrea tridentata"
"3077",-116.12948,32.85217,"Larrea tridentata"
"3078",-116.8852,34.8621,"Larrea tridentata"
"3079",-116.43379,33.07382,"Larrea tridentata"
"3083",-116.4338,33.0738,"Larrea tridentata"
"3085",-118.0792,35.1829,"Larrea tridentata"
"3088",-116.1437,34.1353,"Larrea tridentata"
"3093",-114.804,33.4927,"Larrea tridentata"
"3094",-116.14538,33.18003,"Larrea tridentata"
"3095",-116.85,34.94,"Larrea tridentata"
"3096",-116.8677,34.8652,"Larrea tridentata"
"3098",-117.4131,34.5822,"Larrea tridentata"
"3099",-115.5025,34.9422,"Larrea tridentata"
"3100",-117.1522,36.25,"Larrea tridentata"
"3101",-114.622914476575,32.8042025108596,"Larrea tridentata"
"3103",-114.6224,32.8042,"Larrea tridentata"
"3108",-114.7007,33.6093,"Larrea tridentata"
"3110",-116.29898,33.23922,"Larrea tridentata"
"3111",-116.10999,33.40456,"Larrea tridentata"
"3113",-116.08593,33.09611,"Larrea tridentata"
"3115",-116.9982,36.7014,"Larrea tridentata"
"3118",-116.10044,33.09655,"Larrea tridentata"
"3119",-116.9982,36.7013,"Larrea tridentata"
"3120",-118.7372,35.6174,"Larrea tridentata"
"3122",-103.275376,30.213717,"Larrea tridentata"
"3125",-116.14001,32.65666,"Larrea tridentata"
"3126",-116.8506,36.4473,"Larrea tridentata"
"3127",-116.26044,32.8963,"Larrea tridentata"
"3134",-116.29963,33.33104,"Larrea tridentata"
"3136",-117.3719,35.7618,"Larrea tridentata"
"3143",-116.35446,32.97616,"Larrea tridentata"
"3147",-116.54472,33.901943,"Larrea tridentata"
"3148",-116.12552,33.10398,"Larrea tridentata"
"3149",-115.4011,33.7125,"Larrea tridentata"
"3150",-117.408425134485,34.4752604619289,"Larrea tridentata"
"3152",-116.37788,33.33247,"Larrea tridentata"
"3153",-116.54,33.81,"Larrea tridentata"
"3155",-117.034860437148,34.472737103494,"Larrea tridentata"
"3156",-117.041389,34.479444,"Larrea tridentata"
"3158",-115.83,33.51,"Larrea tridentata"
"3159",-115.363056,33.7088889991285,"Larrea tridentata"
"3161",-118.528692776812,34.8432836405734,"Larrea tridentata"
"3162",-117.4831,34.3122,"Larrea tridentata"
"3164",-118.9626,35.5293,"Larrea tridentata"
"3168",-118.958212311014,35.5565458621393,"Larrea tridentata"
"3170",-114.6156,34.8473,"Larrea tridentata"
"3176",-116.48076,33.09474,"Larrea tridentata"
"3178",-118.27,35.03,"Larrea tridentata"
"3179",-118.2785,35.0383,"Larrea tridentata"
"3180",-117.831,36.6994999990957,"Larrea tridentata"
"3181",-116.0745,35.2649,"Larrea tridentata"
"3183",-118.202650216003,35.1239375258242,"Larrea tridentata"
"3188",-118.973772449109,35.5364212633195,"Larrea tridentata"
"3189",-118.9606,35.5342,"Larrea tridentata"
"3195",-115.7043,32.6509,"Larrea tridentata"
"3197",-116.3172,33.8223,"Larrea tridentata"
"3198",-116.8696,36.4797,"Larrea tridentata"
"3203",-116.8758,36.5002,"Larrea tridentata"
"3204",-116.5455,33.7919,"Larrea tridentata"
"3206",-116.4056,33.6811,"Larrea tridentata"
"3207",-117.8236,34.4114,"Larrea tridentata"
"3209",-117.2938,34.537,"Larrea tridentata"
"3210",-115.213,32.7503,"Larrea tridentata"
"3211",-117.0562,36.6549,"Larrea tridentata"
"3212",-116.1011,33.4652,"Larrea tridentata"
"3214",-115.3838,32.8083,"Larrea tridentata"
"3215",-116.465,33.7774,"Larrea tridentata"
"3218",-117.9816,35.3633,"Larrea tridentata"
"3219",-116.4197,33.7466,"Larrea tridentata"
"3221",-115.7202,34.2232,"Larrea tridentata"
"3223",-116.2362,33.5116,"Larrea tridentata"
"3225",-115.96611,32.73806,"Larrea tridentata"
"3226",-116.155479127502,32.6926201019025,"Larrea tridentata"
"3228",-117.0228,34.897,"Larrea tridentata"
"3229",-115.705348592273,32.6788834133066,"Larrea tridentata"
"3230",-115.7087,32.6786,"Larrea tridentata"
"3234",-118.320352111644,35.0459387385437,"Larrea tridentata"
"3236",-117.3874,35.7511,"Larrea tridentata"
"3238",-118.1655,35.0239,"Larrea tridentata"
"3244",-116.5479,33.9119,"Larrea tridentata"
"3245",-117.2821,35.8356,"Larrea tridentata"
"3246",-115.561866276413,32.7920209306116,"Larrea tridentata"
"3247",-117.1992,35.7894,"Larrea tridentata"
"3248",-116.7323,33.9241,"Larrea tridentata"
"3249",-114.511,32.9018,"Larrea tridentata"
"3250",-116.54167,33.84167,"Larrea tridentata"
"3251",-116.5457,33.9049,"Larrea tridentata"
"3252",-117.281,35.8325,"Larrea tridentata"
"3254",-118.83306,35.27972,"Larrea tridentata"
"3269",-116.0633,32.6915,"Larrea tridentata"
"3270",-116.5486,33.8333,"Larrea tridentata"
"3272",-116.3171,33.7266,"Larrea tridentata"
"3273",-116.299,33.2392,"Larrea tridentata"
"3274",-115.9363,33.584,"Larrea tridentata"
"3278",-116.4231,33.1219,"Larrea tridentata"
"3279",-114.8708,33.151,"Larrea tridentata"
"3280",-114.9386,33.0793,"Larrea tridentata"
"3284",-117.1821,36.1934,"Larrea tridentata"
"3287",-116.5828,34.0191,"Larrea tridentata"
"3288",-118.3192,34.8778,"Larrea tridentata"
"3289",-116.1794,33.6801,"Larrea tridentata"
"3294",-116.023346,33.603184,"Larrea tridentata"
"3296",-116.3,33.1358,"Larrea tridentata"
"3299",-117.1249,34.4721,"Larrea tridentata"
"3304",-117.4284,34.3252,"Larrea tridentata"
"3305",-117.2955,34.4528,"Larrea tridentata"
"3309",-117.1252,34.4696,"Larrea tridentata"
"3313",-116.5013,34.0992,"Larrea tridentata"
"3314",-116.5413,34.0766,"Larrea tridentata"
"3317",-116.3796,33.3152,"Larrea tridentata"
"3320",-116.3874,33.1386,"Larrea tridentata"
"3321",-115.3253,33.6248,"Larrea tridentata"
"3325",-118.01889,34.46917,"Larrea tridentata"
"3326",-117.4473,34.5059,"Larrea tridentata"
"3327",-116.6425,33.9528,"Larrea tridentata"
"3331",-116.8028,34.3522,"Larrea tridentata"
"3334",-117.3666,34.5279,"Larrea tridentata"
"3335",-115.998889,33.615278,"Larrea tridentata"
"3340",-117.1244,34.4733,"Larrea tridentata"
"3346",-115.8024,33.7352,"Larrea tridentata"
"3347",-116.1403,32.7459,"Larrea tridentata"
"3351",-116.1413,33.6461,"Larrea tridentata"
"3354",-116.0315,32.7366,"Larrea tridentata"
"3360",-116.8058,34.2317,"Larrea tridentata"
"3366",-116.521,33.8299,"Larrea tridentata"
"3368",-116.0785,33.5699,"Larrea tridentata"
"3382",-116.3565,32.9762,"Larrea tridentata"
"3383",-116.5443,33.8219,"Larrea tridentata"
"3385",-116.53068,32.83589,"Larrea tridentata"
"3386",-118.1862,34.9794,"Larrea tridentata"
"3388",-115.2821,32.811,"Larrea tridentata"
"3389",-116.5378,33.7446,"Larrea tridentata"
"3396",-116.7866,33.8992,"Larrea tridentata"
"3399",-116.215,33.7199999991284,"Larrea tridentata"
"3404",-115.9267,33.0979,"Larrea tridentata"
"3408",-115.835,33.109,"Larrea tridentata"
"3418",-116.53333,33.76667,"Larrea tridentata"
"3419",-116.5389,33.738,"Larrea tridentata"
"3420",-116.163,34.7238,"Larrea tridentata"
"3424",-116.99259,36.198017,"Larrea tridentata"
"3429",-116.5457,33.8199,"Larrea tridentata"
"3433",-116.2736,32.6637,"Larrea tridentata"
"3436",-117.7189,34.0967,"Larrea tridentata"
"3441",-116.3095,33.8413,"Larrea tridentata"
"3442",-116.9675,35.0252,"Larrea tridentata"
"3443",-116.5443,33.81,"Larrea tridentata"
"3444",-116.54434,33.80996,"Larrea tridentata"
"3460",-114.592054869247,34.0363913040597,"Larrea tridentata"
"3461",-114.5915,34.0364,"Larrea tridentata"
"3463",-115.555307838587,32.9824333004756,"Larrea tridentata"
"3464",-115.5581,32.9794,"Larrea tridentata"
"3467",-114.492096874948,32.9709853856528,"Larrea tridentata"
"3476",-118.2961,34.8786,"Larrea tridentata"
"3477",-116.6432,36.4184,"Larrea tridentata"
"3487",-116.5497,33.1764,"Larrea tridentata"
"3491",-116.5453,33.8303,"Larrea tridentata"
"3496",-116.175301,33.680599,"Larrea tridentata"
"3505",-107.809167,33.266111,"Larrea tridentata"
"3507",-115.4581,33.5265,"Larrea tridentata"
"3508",-115.569846962921,32.8478242106759,"Larrea tridentata"
"3512",-115.5189,33.24,"Larrea tridentata"
"3516",-116.1749,32.6284,"Larrea tridentata"
"3529",-116.3445,33.816,"Larrea tridentata"
"3534",-115.5103,34.9636,"Larrea tridentata"
"3537",-116.5088,33.6225,"Larrea tridentata"
"3550",-117.194,36.1049,"Larrea tridentata"
"3552",-117.1927,36.1055,"Larrea tridentata"
"3571",-116.108,32.6736,"Larrea tridentata"
"3629",-111.50111,34.50027,"Larrea tridentata"
"3647",-112.05,33.5,"Larrea tridentata"
"3656",-118.1369,34.6984,"Larrea tridentata"
"3657",-116.1082,32.67358,"Larrea tridentata"
"3667",-118.16,34.55,"Larrea tridentata"
"3668",-116.5485,33.7478,"Larrea tridentata"
"3669",-116.8591,34.361,"Larrea tridentata"
"3670",-114.527,33.7426,"Larrea tridentata"
"3682",-116.642,33.9298,"Larrea tridentata"
"3692",-118.129358850439,34.5797125867777,"Larrea tridentata"
"3694",-115.642517,34.8161669991152,"Larrea tridentata"
"3701",-117.2919,34.1131,"Larrea tridentata"
"3702",-116.9701,33.7035,"Larrea tridentata"
"3704",-115.636767,34.7873499991156,"Larrea tridentata"
"3712",-115.6973,34.7568,"Larrea tridentata"
"3722",-115.6602,34.5739,"Larrea tridentata"
"3736",-106.89083,34.05833,"Larrea tridentata"
"3745",-114.8372,32.7781,"Larrea tridentata"
"3748",-117.2871,36.0226,"Larrea tridentata"
"3768",-116.127,32.656,"Larrea tridentata"
"3769",-115.5693,32.8478,"Larrea tridentata"
"3770",-118.0609,37.3375,"Larrea tridentata"
"3771",-116.10341,32.67524,"Larrea tridentata"
"3777",-106.537003,31.905001,"Larrea tridentata"
"3783",-113.349998,32.833,"Larrea tridentata"
"3796",-116.8596,34.3629,"Larrea tridentata"
"3820",-113.98,37.03,"Larrea tridentata"
"3827",-115.7858,35.1534,"Larrea tridentata"
"3828",-120.0167,35.6826,"Larrea tridentata"
"3829",-115.6282,34.8087829991153,"Larrea tridentata"
"3830",-115.4894,34.576566999118,"Larrea tridentata"
"3834",-114.5606,33.0288,"Larrea tridentata"
"3843",-116.0813,32.6996,"Larrea tridentata"
"3844",-116.076,33.5719999991303,"Larrea tridentata"
"3848",-110.69813,32.86397,"Larrea tridentata"
"3849",-113.01085,34.18102,"Larrea tridentata"
"3861",-116.8571,36.5106,"Larrea tridentata"
"3862",-116.591,33.8436,"Larrea tridentata"
"3863",-118.1625,34.86417,"Larrea tridentata"
"3885",-116.5483,33.7603,"Larrea tridentata"
